trait	variant_id	chrom	position	effect_allele	other_allele	effect_value	p_value	source_gwas
ea4	rs2364544	1	41833162	G	A	-0.0105	2.91e-13	Lee et al. 2018 educational attainment GWAS (supplementary lead-hit table)
ea4	rs852771	1	58288317	T	C	0.0092	1.84e-09	Lee et al. 2018 educational attainment GWAS (supplementary lead-hit table)
ea4	rs1569092	1	74858724	A	G	0.016	2.12e-16	Lee et al. 2018 educational attainment GWAS (supplementary lead-hit table)
ea4	rs6428587	1	90825188	T	C	0.0084	8.59e-09	Lee et al. 2018 educational attainment GWAS (supplementary lead-hit table)
ea4	rs635754	1	96484940	A	G	0.0119	6.36e-17	Lee et al. 2018 educational attainment GWAS (supplementary lead-hit table)
ea4	rs1538389	1	112327144	C	T	-0.0109	1.27e-09	Lee et al. 2018 educational attainment GWAS (supplementary lead-hit table)
ea4	rs3790609	1	113056990	T	C	0.0107	8.35e-09	Lee et al. 2018 educational attainment GWAS (supplementary lead-hit table)
ea4	rs4652135	1	175837673	A	C	0.0103	4.35e-11	Lee et al. 2018 educational attainment GWAS (supplementary lead-hit table)
ea4	rs1890132	1	199427321	C	T	-0.0089	6.56e-09	Lee et al. 2018 educational attainment GWAS (supplementary lead-hit table)
ea4	rs11588857	1	204587047	A	G	0.0199	4.45e-31	Lee et al. 2018 educational attainment GWAS (supplementary lead-hit table)
ea4	rs12123293	1	210912835	T	C	0.0086	4.48e-09	Lee et al. 2018 educational attainment GWAS (supplementary lead-hit table)
ea4	rs12405889	1	235597252	G	T	-0.0098	2.3e-12	Lee et al. 2018 educational attainment GWAS (supplementary lead-hit table)
ea4	rs3897821	1	243420388	A	G	0.0154	3.58e-25	Lee et al. 2018 educational attainment GWAS (supplementary lead-hit table)
ea4	rs622169	1	244437407	T	C	0.0086	2.73e-09	Lee et al. 2018 educational attainment GWAS (supplementary lead-hit table)
ea4	rs2007655	10	34586689	T	G	0.0086	8.64e-10	Lee et al. 2018 educational attainment GWAS (supplementary lead-hit table)
ea4	rs6480234	10	68636894	C	T	-0.0084	1.94e-09	Lee et al. 2018 educational attainment GWAS (supplementary lead-hit table)
ea4	rs482787	10	99767024	T	C	0.01	1.95e-11	Lee et al. 2018 educational attainment GWAS (supplementary lead-hit table)
ea4	rs3781339	10	105428152	C	T	-0.0104	7.55e-09	Lee et al. 2018 educational attainment GWAS (supplementary lead-hit table)
ea4	rs7914674	10	106738675	C	T	-0.0139	1.94e-10	Lee et al. 2018 educational attainment GWAS (supplementary lead-hit table)
ea4	rs790647	10	106776484	C	A	-0.0145	3.81e-18	Lee et al. 2018 educational attainment GWAS (supplementary lead-hit table)
ea4	rs12571549	10	111770013	A	G	0.0151	1.45e-13	Lee et al. 2018 educational attainment GWAS (supplementary lead-hit table)
ea4	rs12789313	11	25058937	T	C	0.0092	6.79e-11	Lee et al. 2018 educational attainment GWAS (supplementary lead-hit table)
ea4	rs7931563	11	61446425	G	T	-0.0109	5.15e-14	Lee et al. 2018 educational attainment GWAS (supplementary lead-hit table)
ea4	rs17565975	11	111586950	G	A	-0.0106	5.54e-14	Lee et al. 2018 educational attainment GWAS (supplementary lead-hit table)
ea4	rs4127499	11	122176383	A	G	0.0087	3.56e-09	Lee et al. 2018 educational attainment GWAS (supplementary lead-hit table)
ea4	rs7974852	12	14511679	A	C	0.0117	1.14e-16	Lee et al. 2018 educational attainment GWAS (supplementary lead-hit table)
ea4	rs1117152	12	15438032	T	G	0.0106	4.47e-12	Lee et al. 2018 educational attainment GWAS (supplementary lead-hit table)
ea4	rs2160514	12	16756508	C	A	-0.0094	2.54e-11	Lee et al. 2018 educational attainment GWAS (supplementary lead-hit table)
ea4	rs1603460	12	23092626	T	G	0.009	2.2e-10	Lee et al. 2018 educational attainment GWAS (supplementary lead-hit table)
ea4	rs1054442	12	49389320	C	A	-0.0136	1.1e-20	Lee et al. 2018 educational attainment GWAS (supplementary lead-hit table)
ea4	rs17110109	12	54668908	C	T	-0.0093	1.47e-10	Lee et al. 2018 educational attainment GWAS (supplementary lead-hit table)
ea4	rs717996	12	84133820	C	T	-0.0122	1.89e-17	Lee et al. 2018 educational attainment GWAS (supplementary lead-hit table)
ea4	rs2216144	12	97666478	T	C	0.0098	2.58e-12	Lee et al. 2018 educational attainment GWAS (supplementary lead-hit table)
ea4	rs28669886	12	106722701	G	A	-0.0084	8.31e-09	Lee et al. 2018 educational attainment GWAS (supplementary lead-hit table)
ea4	rs7977614	12	110115286	G	A	-0.0134	6.84e-17	Lee et al. 2018 educational attainment GWAS (supplementary lead-hit table)
ea4	rs12810587	12	122675576	T	C	0.0094	3.7e-10	Lee et al. 2018 educational attainment GWAS (supplementary lead-hit table)
ea4	rs1107871	12	132240659	G	A	-0.0083	4.18e-09	Lee et al. 2018 educational attainment GWAS (supplementary lead-hit table)
ea4	rs4941735	13	31641248	T	C	0.0092	8.63e-11	Lee et al. 2018 educational attainment GWAS (supplementary lead-hit table)
ea4	rs9545395	13	36370970	T	C	0.0138	3.81e-11	Lee et al. 2018 educational attainment GWAS (supplementary lead-hit table)
ea4	rs9568798	13	53614554	C	T	-0.0093	2.3e-09	Lee et al. 2018 educational attainment GWAS (supplementary lead-hit table)
ea4	rs1334297	13	58335375	A	G	0.0257	2.53e-58	Lee et al. 2018 educational attainment GWAS (supplementary lead-hit table)
ea4	rs7323027	13	58693790	A	G	0.013	3.91e-19	Lee et al. 2018 educational attainment GWAS (supplementary lead-hit table)
ea4	rs11623285	14	24557642	G	T	-0.0135	5.58e-11	Lee et al. 2018 educational attainment GWAS (supplementary lead-hit table)
ea4	rs198262	14	57283283	C	T	-0.0223	1.32e-10	Lee et al. 2018 educational attainment GWAS (supplementary lead-hit table)
ea4	rs730384	14	74889870	A	G	0.0101	9.38e-13	Lee et al. 2018 educational attainment GWAS (supplementary lead-hit table)
ea4	rs4904523	14	89723630	G	A	-0.0082	6.27e-09	Lee et al. 2018 educational attainment GWAS (supplementary lead-hit table)
ea4	rs1952183	14	89844111	G	A	-0.0089	2.76e-10	Lee et al. 2018 educational attainment GWAS (supplementary lead-hit table)
ea4	rs7167688	15	26813137	C	T	-0.0094	1.71e-11	Lee et al. 2018 educational attainment GWAS (supplementary lead-hit table)
ea4	rs16966271	15	38423730	T	C	0.0092	4.21e-09	Lee et al. 2018 educational attainment GWAS (supplementary lead-hit table)
ea4	rs6493265	15	47513253	C	T	-0.0122	2.26e-17	Lee et al. 2018 educational attainment GWAS (supplementary lead-hit table)
ea4	rs12438177	15	55951432	A	G	0.0093	1.48e-10	Lee et al. 2018 educational attainment GWAS (supplementary lead-hit table)
ea4	rs1035578	16	12531365	G	A	-0.0094	2.57e-11	Lee et al. 2018 educational attainment GWAS (supplementary lead-hit table)
ea4	rs9927842	16	15153717	C	T	-0.013	6.22e-11	Lee et al. 2018 educational attainment GWAS (supplementary lead-hit table)
ea4	rs4788115	16	28998111	A	T	0.0111	2.27e-09	Lee et al. 2018 educational attainment GWAS (supplementary lead-hit table)
ea4	rs2542673	16	54206715	A	C	0.0088	6.3e-09	Lee et al. 2018 educational attainment GWAS (supplementary lead-hit table)
ea4	rs17604349	16	72210865	A	G	0.0127	2.36e-12	Lee et al. 2018 educational attainment GWAS (supplementary lead-hit table)
ea4	rs1050847	16	87443734	T	C	0.0092	9.2e-11	Lee et al. 2018 educational attainment GWAS (supplementary lead-hit table)
ea4	rs4925109	17	17661802	G	A	-0.0096	1.91e-10	Lee et al. 2018 educational attainment GWAS (supplementary lead-hit table)
ea4	rs12453682	17	37770005	T	C	0.0102	1.81e-11	Lee et al. 2018 educational attainment GWAS (supplementary lead-hit table)
ea4	rs10208	17	42300278	T	C	0.0091	2.07e-09	Lee et al. 2018 educational attainment GWAS (supplementary lead-hit table)
ea4	rs11871429	17	42920929	A	G	0.0128	2.52e-14	Lee et al. 2018 educational attainment GWAS (supplementary lead-hit table)
ea4	rs11652522	17	43055579	C	A	-0.0154	2.29e-11	Lee et al. 2018 educational attainment GWAS (supplementary lead-hit table)
ea4	rs6503409	17	43058742	T	C	0.0087	4.11e-09	Lee et al. 2018 educational attainment GWAS (supplementary lead-hit table)
ea4	rs721579	17	43370481	C	T	-0.011	5.96e-12	Lee et al. 2018 educational attainment GWAS (supplementary lead-hit table)
ea4	rs17609255	17	50274170	C	T	-0.0087	7.9e-10	Lee et al. 2018 educational attainment GWAS (supplementary lead-hit table)
ea4	rs12952191	17	52077386	C	T	-0.0081	6.52e-09	Lee et al. 2018 educational attainment GWAS (supplementary lead-hit table)
ea4	rs13381557	18	44513371	G	A	-0.0087	7.4e-10	Lee et al. 2018 educational attainment GWAS (supplementary lead-hit table)
ea4	rs613872	18	53210302	G	T	-0.0163	1.95e-18	Lee et al. 2018 educational attainment GWAS (supplementary lead-hit table)
ea4	rs11081529	18	75902735	T	C	0.0126	5.22e-16	Lee et al. 2018 educational attainment GWAS (supplementary lead-hit table)
ea4	rs12970264	18	77627950	G	A	-0.0085	1.61e-09	Lee et al. 2018 educational attainment GWAS (supplementary lead-hit table)
ea4	rs8103741	19	2325005	G	A	-0.0108	5.17e-09	Lee et al. 2018 educational attainment GWAS (supplementary lead-hit table)
ea4	rs7254263	19	30741257	C	T	-0.0119	1.84e-14	Lee et al. 2018 educational attainment GWAS (supplementary lead-hit table)
ea4	rs173003	19	36240960	C	A	-0.0082	5.5e-09	Lee et al. 2018 educational attainment GWAS (supplementary lead-hit table)
ea4	rs4358081	2	29100642	C	A	-0.0095	1.28e-11	Lee et al. 2018 educational attainment GWAS (supplementary lead-hit table)
ea4	rs13029602	2	29574875	C	T	-0.0092	1.33e-10	Lee et al. 2018 educational attainment GWAS (supplementary lead-hit table)
ea4	rs17502934	2	50994255	G	T	-0.0167	2.12e-17	Lee et al. 2018 educational attainment GWAS (supplementary lead-hit table)
ea4	rs1106090	2	58068741	A	G	0.0094	1e-10	Lee et al. 2018 educational attainment GWAS (supplementary lead-hit table)
ea4	rs10189857	2	60713235	A	G	0.0158	4.69e-29	Lee et al. 2018 educational attainment GWAS (supplementary lead-hit table)
ea4	rs356999	2	60811584	G	A	-0.0101	2.91e-12	Lee et al. 2018 educational attainment GWAS (supplementary lead-hit table)
ea4	rs10496091	2	61482261	G	A	-0.0131	3.71e-17	Lee et al. 2018 educational attainment GWAS (supplementary lead-hit table)
ea4	rs6731373	2	68503044	G	A	-0.0115	1.39e-14	Lee et al. 2018 educational attainment GWAS (supplementary lead-hit table)
ea4	rs2916490	2	80192352	G	A	-0.0092	1.92e-09	Lee et al. 2018 educational attainment GWAS (supplementary lead-hit table)
ea4	rs11894424	2	80588091	A	C	0.0209	2.14e-10	Lee et al. 2018 educational attainment GWAS (supplementary lead-hit table)
ea4	rs4851263	2	100801867	G	A	-0.0151	7.86e-11	Lee et al. 2018 educational attainment GWAS (supplementary lead-hit table)
ea4	rs10204051	2	103775435	G	T	-0.0101	1.92e-12	Lee et al. 2018 educational attainment GWAS (supplementary lead-hit table)
ea4	rs2570497	2	104441546	C	T	-0.0121	1.27e-16	Lee et al. 2018 educational attainment GWAS (supplementary lead-hit table)
ea4	rs7597412	2	142069014	C	G	0.0088	1.68e-09	Lee et al. 2018 educational attainment GWAS (supplementary lead-hit table)
ea4	rs10928190	2	144376033	C	T	-0.0087	7.76e-10	Lee et al. 2018 educational attainment GWAS (supplementary lead-hit table)
ea4	rs1427298	2	145214421	T	C	0.0086	1.33e-09	Lee et al. 2018 educational attainment GWAS (supplementary lead-hit table)
ea4	rs7560871	2	145616899	G	A	-0.0193	5.24e-13	Lee et al. 2018 educational attainment GWAS (supplementary lead-hit table)
ea4	rs13422673	2	155474355	C	T	-0.011	6.48e-15	Lee et al. 2018 educational attainment GWAS (supplementary lead-hit table)
ea4	rs4500960	2	162818621	C	T	-0.0131	1.04e-20	Lee et al. 2018 educational attainment GWAS (supplementary lead-hit table)
ea4	rs17667540	2	181614913	G	A	-0.0087	9.94e-09	Lee et al. 2018 educational attainment GWAS (supplementary lead-hit table)
ea4	rs4502401	2	199323526	T	C	0.0085	7.55e-09	Lee et al. 2018 educational attainment GWAS (supplementary lead-hit table)
ea4	rs6757087	2	212680523	G	T	-0.0085	2.55e-09	Lee et al. 2018 educational attainment GWAS (supplementary lead-hit table)
ea4	rs7597126	2	215009358	C	T	-0.0094	2.46e-11	Lee et al. 2018 educational attainment GWAS (supplementary lead-hit table)
ea4	rs16851779	2	215189950	C	T	-0.0153	9.24e-09	Lee et al. 2018 educational attainment GWAS (supplementary lead-hit table)
ea4	rs13388333	2	242400597	A	G	0.0085	6.48e-09	Lee et al. 2018 educational attainment GWAS (supplementary lead-hit table)
ea4	rs6060308	20	33794378	A	G	0.0095	1.76e-09	Lee et al. 2018 educational attainment GWAS (supplementary lead-hit table)
ea4	rs6020560	20	49119419	C	T	-0.0083	3.84e-09	Lee et al. 2018 educational attainment GWAS (supplementary lead-hit table)
ea4	rs6123924	20	58219764	A	G	0.0129	3.2e-11	Lee et al. 2018 educational attainment GWAS (supplementary lead-hit table)
ea4	rs6065080	20	59832791	C	T	-0.013	7.49e-19	Lee et al. 2018 educational attainment GWAS (supplementary lead-hit table)
ea4	rs232496	21	22734409	T	C	0.009	7.14e-10	Lee et al. 2018 educational attainment GWAS (supplementary lead-hit table)
ea4	rs743316	21	35252696	T	C	0.0112	8.21e-11	Lee et al. 2018 educational attainment GWAS (supplementary lead-hit table)
ea4	rs2838006	21	42653567	T	C	0.0132	1.38e-19	Lee et al. 2018 educational attainment GWAS (supplementary lead-hit table)
ea4	rs12170452	22	40019773	A	G	0.0105	7.78e-14	Lee et al. 2018 educational attainment GWAS (supplementary lead-hit table)
ea4	rs9616906	22	51104680	A	G	0.0122	8.31e-18	Lee et al. 2018 educational attainment GWAS (supplementary lead-hit table)
ea4	rs164938	3	10315103	G	T	-0.0088	1.05e-09	Lee et al. 2018 educational attainment GWAS (supplementary lead-hit table)
ea4	rs9882532	3	16865845	T	C	0.0124	2.15e-17	Lee et al. 2018 educational attainment GWAS (supplementary lead-hit table)
ea4	rs3895736	3	48658467	A	C	0.0144	9.92e-15	Lee et al. 2018 educational attainment GWAS (supplementary lead-hit table)
ea4	rs2014830	3	50172397	T	C	0.011	4.72e-13	Lee et al. 2018 educational attainment GWAS (supplementary lead-hit table)
ea4	rs2336721	3	53028375	T	C	0.0095	1.05e-10	Lee et al. 2018 educational attainment GWAS (supplementary lead-hit table)
ea4	rs6445633	3	54230638	A	C	0.0088	6.37e-09	Lee et al. 2018 educational attainment GWAS (supplementary lead-hit table)
ea4	rs7625428	3	56570907	T	C	0.0098	1.07e-11	Lee et al. 2018 educational attainment GWAS (supplementary lead-hit table)
ea4	rs1404549	3	65454923	G	A	-0.0089	2.38e-09	Lee et al. 2018 educational attainment GWAS (supplementary lead-hit table)
ea4	rs9853928	3	103295384	C	T	-0.0127	1.59e-13	Lee et al. 2018 educational attainment GWAS (supplementary lead-hit table)
ea4	rs7430651	3	116582186	C	T	-0.0111	9.38e-13	Lee et al. 2018 educational attainment GWAS (supplementary lead-hit table)
ea4	rs2088913	3	117310069	A	G	0.0081	9.61e-09	Lee et al. 2018 educational attainment GWAS (supplementary lead-hit table)
ea4	rs1717204	3	118461145	C	A	-0.0117	1.2e-10	Lee et al. 2018 educational attainment GWAS (supplementary lead-hit table)
ea4	rs2929860	3	128691941	T	C	0.011	1.33e-09	Lee et al. 2018 educational attainment GWAS (supplementary lead-hit table)
ea4	rs2885198	3	143636421	A	G	0.0088	4.63e-10	Lee et al. 2018 educational attainment GWAS (supplementary lead-hit table)
ea4	rs363096	4	3180021	C	T	-0.0143	5.77e-24	Lee et al. 2018 educational attainment GWAS (supplementary lead-hit table)
ea4	rs1120924	4	5228939	T	C	0.0108	2.79e-13	Lee et al. 2018 educational attainment GWAS (supplementary lead-hit table)
ea4	rs10009513	4	38591860	A	G	0.0088	3.02e-10	Lee et al. 2018 educational attainment GWAS (supplementary lead-hit table)
ea4	rs7692359	4	83209346	C	T	-0.0109	1.4e-10	Lee et al. 2018 educational attainment GWAS (supplementary lead-hit table)
ea4	rs13107325	4	103188709	C	T	-0.0239	1.98e-18	Lee et al. 2018 educational attainment GWAS (supplementary lead-hit table)
ea4	rs6534338	4	123026869	T	C	0.0103	1.46e-11	Lee et al. 2018 educational attainment GWAS (supplementary lead-hit table)
ea4	rs10519504	4	140640283	T	G	0.0119	7.31e-10	Lee et al. 2018 educational attainment GWAS (supplementary lead-hit table)
ea4	rs11100237	4	160477041	G	A	-0.0101	8.17e-13	Lee et al. 2018 educational attainment GWAS (supplementary lead-hit table)
ea4	rs12646523	4	170944698	C	T	-0.0132	3.79e-16	Lee et al. 2018 educational attainment GWAS (supplementary lead-hit table)
ea4	rs16871807	5	3437297	T	C	0.009	1.59e-09	Lee et al. 2018 educational attainment GWAS (supplementary lead-hit table)
ea4	rs16901689	5	11507368	T	G	0.0111	5.17e-09	Lee et al. 2018 educational attainment GWAS (supplementary lead-hit table)
ea4	rs981883	5	57107989	A	G	0.0099	6.67e-12	Lee et al. 2018 educational attainment GWAS (supplementary lead-hit table)
ea4	rs27220	5	59775136	G	A	-0.0114	7.52e-15	Lee et al. 2018 educational attainment GWAS (supplementary lead-hit table)
ea4	rs4490539	5	60685757	A	G	0.0142	1.31e-20	Lee et al. 2018 educational attainment GWAS (supplementary lead-hit table)
ea4	rs10805383	5	63034606	G	A	-0.0103	2.22e-13	Lee et al. 2018 educational attainment GWAS (supplementary lead-hit table)
ea4	rs42302	5	74965554	A	G	0.0086	5.96e-09	Lee et al. 2018 educational attainment GWAS (supplementary lead-hit table)
ea4	rs7356536	5	87083961	C	T	-0.0129	2.95e-10	Lee et al. 2018 educational attainment GWAS (supplementary lead-hit table)
ea4	rs10042828	5	88308777	G	A	-0.0145	1.06e-10	Lee et al. 2018 educational attainment GWAS (supplementary lead-hit table)
ea4	rs10046069	5	89115576	A	G	0.0127	4.4e-09	Lee et al. 2018 educational attainment GWAS (supplementary lead-hit table)
ea4	rs2029401	5	92891029	G	A	-0.0091	1.53e-10	Lee et al. 2018 educational attainment GWAS (supplementary lead-hit table)
ea4	rs187580	5	102627355	G	T	-0.0104	3.56e-10	Lee et al. 2018 educational attainment GWAS (supplementary lead-hit table)
ea4	rs252991	5	106767346	A	G	0.0095	6.3e-11	Lee et al. 2018 educational attainment GWAS (supplementary lead-hit table)
ea4	rs10057590	5	124335247	A	C	0.0106	4.08e-14	Lee et al. 2018 educational attainment GWAS (supplementary lead-hit table)
ea4	rs6871635	5	133830395	G	A	-0.0087	1.16e-09	Lee et al. 2018 educational attainment GWAS (supplementary lead-hit table)
ea4	rs12519073	5	136776762	C	T	-0.0107	1.16e-10	Lee et al. 2018 educational attainment GWAS (supplementary lead-hit table)
ea4	rs32940	5	141132286	C	T	-0.0096	3.72e-10	Lee et al. 2018 educational attainment GWAS (supplementary lead-hit table)
ea4	rs2179152	6	26325888	C	T	-0.0131	1.68e-19	Lee et al. 2018 educational attainment GWAS (supplementary lead-hit table)
ea4	rs9267658	6	31845985	T	C	0.0138	5.25e-12	Lee et al. 2018 educational attainment GWAS (supplementary lead-hit table)
ea4	rs9267677	6	31892641	T	C	0.018	3.66e-14	Lee et al. 2018 educational attainment GWAS (supplementary lead-hit table)
ea4	rs10947439	6	33774948	T	C	0.009	1.11e-09	Lee et al. 2018 educational attainment GWAS (supplementary lead-hit table)
ea4	rs6569077	6	98212409	T	C	0.0118	3.29e-16	Lee et al. 2018 educational attainment GWAS (supplementary lead-hit table)
ea4	rs10080647	6	114742335	A	C	0.0124	7.05e-10	Lee et al. 2018 educational attainment GWAS (supplementary lead-hit table)
ea4	rs17205908	6	127764305	C	T	-0.0092	7.71e-10	Lee et al. 2018 educational attainment GWAS (supplementary lead-hit table)
ea4	rs13197257	6	128333682	T	G	0.0109	2.83e-12	Lee et al. 2018 educational attainment GWAS (supplementary lead-hit table)
ea4	rs9373363	6	143150043	G	A	-0.0111	5.54e-12	Lee et al. 2018 educational attainment GWAS (supplementary lead-hit table)
ea4	rs6917204	6	145284716	T	C	0.0119	8.14e-12	Lee et al. 2018 educational attainment GWAS (supplementary lead-hit table)
ea4	rs9386110	6	145626208	C	T	-0.0163	5.66e-13	Lee et al. 2018 educational attainment GWAS (supplementary lead-hit table)
ea4	rs6557171	6	152234593	C	T	-0.0155	5.48e-25	Lee et al. 2018 educational attainment GWAS (supplementary lead-hit table)
ea4	rs1933264	6	153391618	T	C	0.01	5.85e-10	Lee et al. 2018 educational attainment GWAS (supplementary lead-hit table)
ea4	rs4719944	7	3496032	C	T	-0.0121	9.25e-18	Lee et al. 2018 educational attainment GWAS (supplementary lead-hit table)
ea4	rs929511	7	8003017	C	T	-0.016	3.91e-14	Lee et al. 2018 educational attainment GWAS (supplementary lead-hit table)
ea4	rs6977237	7	14027991	T	C	0.0082	5.59e-09	Lee et al. 2018 educational attainment GWAS (supplementary lead-hit table)
ea4	rs3735478	7	44800176	T	G	0.0108	3.66e-12	Lee et al. 2018 educational attainment GWAS (supplementary lead-hit table)
ea4	rs12670376	7	48823154	A	G	0.0092	5.99e-11	Lee et al. 2018 educational attainment GWAS (supplementary lead-hit table)
ea4	rs7803932	7	70203673	A	G	0.0127	1.74e-11	Lee et al. 2018 educational attainment GWAS (supplementary lead-hit table)
ea4	rs1167827	7	75163169	A	G	0.0104	2.93e-13	Lee et al. 2018 educational attainment GWAS (supplementary lead-hit table)
ea4	rs2373124	7	85830272	G	A	-0.0096	4.35e-09	Lee et al. 2018 educational attainment GWAS (supplementary lead-hit table)
ea4	rs2406253	7	100077273	A	G	0.0135	3.58e-14	Lee et al. 2018 educational attainment GWAS (supplementary lead-hit table)
ea4	rs9655780	7	104667334	G	A	-0.0153	3.7e-16	Lee et al. 2018 educational attainment GWAS (supplementary lead-hit table)
ea4	rs567003	7	105341608	A	G	0.0094	2.27e-10	Lee et al. 2018 educational attainment GWAS (supplementary lead-hit table)
ea4	rs12113634	7	111996952	T	C	0.0088	2.5e-09	Lee et al. 2018 educational attainment GWAS (supplementary lead-hit table)
ea4	rs2283076	7	126478190	A	G	0.0115	1.05e-11	Lee et al. 2018 educational attainment GWAS (supplementary lead-hit table)
ea4	rs728054	7	137072364	G	A	-0.0128	2.34e-18	Lee et al. 2018 educational attainment GWAS (supplementary lead-hit table)
ea4	rs4726070	7	151328218	A	G	0.0122	1.36e-17	Lee et al. 2018 educational attainment GWAS (supplementary lead-hit table)
ea4	rs73191311	8	4796094	G	A	-0.0094	2.03e-10	Lee et al. 2018 educational attainment GWAS (supplementary lead-hit table)
ea4	rs2980813	8	40050010	A	T	0.0088	4.28e-10	Lee et al. 2018 educational attainment GWAS (supplementary lead-hit table)
ea4	rs2929032	8	56371745	G	A	-0.0081	8.4e-09	Lee et al. 2018 educational attainment GWAS (supplementary lead-hit table)
ea4	rs1866823	8	57436577	A	G	0.0107	3.09e-14	Lee et al. 2018 educational attainment GWAS (supplementary lead-hit table)
ea4	rs2926702	8	71167994	C	T	-0.0124	4.91e-09	Lee et al. 2018 educational attainment GWAS (supplementary lead-hit table)
ea4	rs4320563	8	87769961	A	G	0.0109	2.24e-14	Lee et al. 2018 educational attainment GWAS (supplementary lead-hit table)
ea4	rs7012546	8	105067737	T	C	0.0092	1.25e-10	Lee et al. 2018 educational attainment GWAS (supplementary lead-hit table)
ea4	rs4298514	8	118932887	T	C	0.0104	1.07e-11	Lee et al. 2018 educational attainment GWAS (supplementary lead-hit table)
ea4	rs401526	8	130929166	C	T	-0.0104	1.15e-13	Lee et al. 2018 educational attainment GWAS (supplementary lead-hit table)
ea4	rs6989141	8	142681460	A	G	0.01	8.4e-09	Lee et al. 2018 educational attainment GWAS (supplementary lead-hit table)
ea4	rs3847228	9	1798805	T	C	0.0083	7.47e-09	Lee et al. 2018 educational attainment GWAS (supplementary lead-hit table)
ea4	rs10810099	9	14161927	G	A	-0.0146	1.91e-20	Lee et al. 2018 educational attainment GWAS (supplementary lead-hit table)
ea4	rs7849480	9	14648130	G	A	-0.0084	3.54e-09	Lee et al. 2018 educational attainment GWAS (supplementary lead-hit table)
ea4	rs13296345	9	14791348	T	C	0.009	5.35e-10	Lee et al. 2018 educational attainment GWAS (supplementary lead-hit table)
ea4	rs7029718	9	23358495	A	G	0.0244	7.82e-65	Lee et al. 2018 educational attainment GWAS (supplementary lead-hit table)
ea4	rs1329044	9	23747791	T	C	0.0134	6.28e-13	Lee et al. 2018 educational attainment GWAS (supplementary lead-hit table)
ea4	rs7041702	9	33053430	G	A	-0.0111	4.53e-12	Lee et al. 2018 educational attainment GWAS (supplementary lead-hit table)
ea4	rs7035315	9	83231511	G	A	-0.009	5.85e-10	Lee et al. 2018 educational attainment GWAS (supplementary lead-hit table)
ea4	rs995698	9	87997869	G	A	-0.0099	1.53e-12	Lee et al. 2018 educational attainment GWAS (supplementary lead-hit table)
ea4	rs1009470	9	122289187	T	G	0.0086	1.34e-09	Lee et al. 2018 educational attainment GWAS (supplementary lead-hit table)
ea4	rs1467737	9	124982500	C	T	-0.0084	3.52e-09	Lee et al. 2018 educational attainment GWAS (supplementary lead-hit table)
ea4	rs12342546	9	126329270	G	A	-0.0128	1.11e-14	Lee et al. 2018 educational attainment GWAS (supplementary lead-hit table)
ea4	rs631287	9	128412676	A	G	0.0084	2.52e-09	Lee et al. 2018 educational attainment GWAS (supplementary lead-hit table)
ea4	rs9411331	9	134883419	A	C	0.0145	7.63e-22	Lee et al. 2018 educational attainment GWAS (supplementary lead-hit table)
ea4	rs12005151	9	135030649	A	G	0.0087	3.73e-09	Lee et al. 2018 educational attainment GWAS (supplementary lead-hit table)
iq	rs2143103	1	22430069	A	G	0.023727134	3.468e-09	Savage et al. 2018 intelligence GWAS (full summary statistics)
iq	rs4949455	1	32114793	A	G	0.019755486	2.512e-12	Savage et al. 2018 intelligence GWAS (full summary statistics)
iq	rs4949457	1	32140053	C	T	-0.019593953	9.398e-12	Savage et al. 2018 intelligence GWAS (full summary statistics)
iq	rs1343775	1	41757993	A	G	0.026842892	5.126e-16	Savage et al. 2018 intelligence GWAS (full summary statistics)
iq	rs2364544	1	41833162	G	A	-0.017402412	8.454e-10	Savage et al. 2018 intelligence GWAS (full summary statistics)
iq	rs11210871	1	44029353	G	C	-0.017345384	3.079e-09	Savage et al. 2018 intelligence GWAS (full summary statistics)
iq	rs1502907	1	44258040	G	A	-0.028138767	2.397e-10	Savage et al. 2018 intelligence GWAS (full summary statistics)
iq	rs2989868	1	59553662	A	G	0.016501476	1.644e-09	Savage et al. 2018 intelligence GWAS (full summary statistics)
iq	rs9988609	1	69315228	A	G	0.026355778	9.652e-10	Savage et al. 2018 intelligence GWAS (full summary statistics)
iq	rs11578193	1	69406043	G	T	-0.027712422	3.437e-10	Savage et al. 2018 intelligence GWAS (full summary statistics)
iq	rs9436866	1	69427576	C	A	-0.029300627	7.906e-11	Savage et al. 2018 intelligence GWAS (full summary statistics)
iq	rs988421	1	72549836	C	T	-0.016544527	1.337e-09	Savage et al. 2018 intelligence GWAS (full summary statistics)
iq	rs10493493	1	72569309	G	T	-0.020838772	4.341e-12	Savage et al. 2018 intelligence GWAS (full summary statistics)
iq	rs1486091	1	72571364	C	T	-0.022624989	1.392e-16	Savage et al. 2018 intelligence GWAS (full summary statistics)
iq	rs11587434	1	72615118	A	G	0.026952552	2.19e-17	Savage et al. 2018 intelligence GWAS (full summary statistics)
iq	rs12124523	1	72621463	T	C	0.032566567	2.666e-11	Savage et al. 2018 intelligence GWAS (full summary statistics)
iq	rs1194265	1	72707226	A	G	0.019369788	1.745e-12	Savage et al. 2018 intelligence GWAS (full summary statistics)
iq	rs3101336	1	72751185	C	T	-0.022571656	1.153e-15	Savage et al. 2018 intelligence GWAS (full summary statistics)
iq	rs78095791	1	72811957	A	G	0.03159081	4.849e-20	Savage et al. 2018 intelligence GWAS (full summary statistics)
iq	rs7531118	1	72837239	C	T	-0.023193106	1.161e-16	Savage et al. 2018 intelligence GWAS (full summary statistics)
iq	rs6668048	1	96199657	C	T	-0.021457967	4.24e-15	Savage et al. 2018 intelligence GWAS (full summary statistics)
iq	rs11804556	1	98498441	A	G	0.034049323	5.237e-10	Savage et al. 2018 intelligence GWAS (full summary statistics)
iq	rs6681533	1	103583153	T	C	0.01816093	5.61e-11	Savage et al. 2018 intelligence GWAS (full summary statistics)
iq	rs600806	1	109840629	G	A	-0.019292675	3.571e-10	Savage et al. 2018 intelligence GWAS (full summary statistics)
iq	rs464218	1	109856306	G	A	-0.016042733	5.265e-09	Savage et al. 2018 intelligence GWAS (full summary statistics)
iq	rs1144593	1	110030945	G	A	-0.019111644	1.572e-10	Savage et al. 2018 intelligence GWAS (full summary statistics)
iq	rs3738773	1	110048527	A	G	0.017639437	4.55e-09	Savage et al. 2018 intelligence GWAS (full summary statistics)
iq	rs2678204	1	201800511	T	G	0.017362239	5.541e-09	Savage et al. 2018 intelligence GWAS (full summary statistics)
iq	rs2393967	10	65133156	C	A	-0.018708946	2.695e-10	Savage et al. 2018 intelligence GWAS (full summary statistics)
iq	rs2862954	10	101912064	C	T	-0.01591996	6.884e-09	Savage et al. 2018 intelligence GWAS (full summary statistics)
iq	rs749694	10	103519784	A	G	0.02010371	1.765e-13	Savage et al. 2018 intelligence GWAS (full summary statistics)
iq	rs1044258	10	103605714	T	C	0.023406647	8.079e-16	Savage et al. 2018 intelligence GWAS (full summary statistics)
iq	rs11191161	10	103726528	T	C	0.021671612	3.342e-09	Savage et al. 2018 intelligence GWAS (full summary statistics)
iq	rs7901209	10	103754185	A	C	0.01832377	4.161e-11	Savage et al. 2018 intelligence GWAS (full summary statistics)
iq	rs7923183	10	103992569	A	G	0.021134157	6.841e-14	Savage et al. 2018 intelligence GWAS (full summary statistics)
iq	rs4919626	10	104079818	T	C	0.023058384	2.854e-11	Savage et al. 2018 intelligence GWAS (full summary statistics)
iq	rs1054442	12	49389320	C	A	-0.021463459	2.518e-14	Savage et al. 2018 intelligence GWAS (full summary statistics)
iq	rs7969091	12	49464449	G	A	-0.019491396	1.836e-12	Savage et al. 2018 intelligence GWAS (full summary statistics)
iq	rs11172378	12	58298161	C	T	-0.019413696	1.344e-11	Savage et al. 2018 intelligence GWAS (full summary statistics)
iq	rs4237845	12	58302436	C	T	-0.016092258	4.883e-09	Savage et al. 2018 intelligence GWAS (full summary statistics)
iq	rs6539284	12	79592680	C	T	-0.019480879	5.563e-12	Savage et al. 2018 intelligence GWAS (full summary statistics)
iq	rs1727307	12	123575742	A	G	0.017816942	3.095e-09	Savage et al. 2018 intelligence GWAS (full summary statistics)
iq	rs9587024	13	106583540	T	C	0.019225989	2.438e-12	Savage et al. 2018 intelligence GWAS (full summary statistics)
iq	rs7993710	13	106616283	T	C	0.021222211	8.592e-10	Savage et al. 2018 intelligence GWAS (full summary statistics)
iq	rs9555208	13	106630126	C	A	-0.021502286	8.125e-15	Savage et al. 2018 intelligence GWAS (full summary statistics)
iq	rs2476736	13	106636936	T	C	0.025704397	1.928e-16	Savage et al. 2018 intelligence GWAS (full summary statistics)
iq	rs2248174	13	106644450	A	G	0.024578824	1.121e-10	Savage et al. 2018 intelligence GWAS (full summary statistics)
iq	rs4983183	14	27170907	A	G	0.01814831	5.878e-10	Savage et al. 2018 intelligence GWAS (full summary statistics)
iq	rs2333537	14	29575295	A	T	0.024918215	1.106e-10	Savage et al. 2018 intelligence GWAS (full summary statistics)
iq	rs1108731	14	30072096	T	G	0.016713634	3.313e-09	Savage et al. 2018 intelligence GWAS (full summary statistics)
iq	rs2239647	14	33292743	C	A	-0.020536745	1.136e-13	Savage et al. 2018 intelligence GWAS (full summary statistics)
iq	rs11628556	14	37042459	G	A	-0.016617303	2.534e-09	Savage et al. 2018 intelligence GWAS (full summary statistics)
iq	rs2071407	14	103987140	C	T	-0.021974103	1.519e-14	Savage et al. 2018 intelligence GWAS (full summary statistics)
iq	rs10129426	14	104018455	A	G	0.020484838	1.23e-13	Savage et al. 2018 intelligence GWAS (full summary statistics)
iq	rs729437	14	104093521	T	C	0.017857429	3.96e-10	Savage et al. 2018 intelligence GWAS (full summary statistics)
iq	rs8028518	15	51854718	C	T	-0.057114316	4.984e-11	Savage et al. 2018 intelligence GWAS (full summary statistics)
iq	rs10519317	15	51977593	A	G	0.027234648	5.559e-10	Savage et al. 2018 intelligence GWAS (full summary statistics)
iq	rs2047679	15	82531881	C	T	-0.016830599	7.055e-10	Savage et al. 2018 intelligence GWAS (full summary statistics)
iq	rs7163848	15	83398315	T	C	0.02055515	3.219e-09	Savage et al. 2018 intelligence GWAS (full summary statistics)
iq	rs7192025	16	7666391	G	A	-0.01741061	9.049e-10	Savage et al. 2018 intelligence GWAS (full summary statistics)
iq	rs7184911	16	7670326	A	C	0.017827372	1.579e-10	Savage et al. 2018 intelligence GWAS (full summary statistics)
iq	rs1846900	16	13027924	G	A	-0.018726753	2.201e-09	Savage et al. 2018 intelligence GWAS (full summary statistics)
iq	rs4781499	16	13630944	A	G	0.022870002	1.975e-09	Savage et al. 2018 intelligence GWAS (full summary statistics)
iq	rs963536	16	13910684	G	T	-0.020009515	9.472e-09	Savage et al. 2018 intelligence GWAS (full summary statistics)
iq	rs200536	16	24749203	G	A	-0.021093129	4.817e-12	Savage et al. 2018 intelligence GWAS (full summary statistics)
iq	rs8043962	16	24781372	G	A	-0.020952423	3.315e-12	Savage et al. 2018 intelligence GWAS (full summary statistics)
iq	rs2650492	16	28333411	G	A	-0.023667396	1.802e-14	Savage et al. 2018 intelligence GWAS (full summary statistics)
iq	rs2726032	16	28338043	T	C	0.02326856	9.328e-17	Savage et al. 2018 intelligence GWAS (full summary statistics)
iq	rs480400	16	28574615	A	G	0.020701652	3.382e-14	Savage et al. 2018 intelligence GWAS (full summary statistics)
iq	rs7193402	16	28586127	T	C	0.025598925	1.946e-19	Savage et al. 2018 intelligence GWAS (full summary statistics)
iq	rs1968752	16	28631585	G	T	-0.025586019	1.997e-19	Savage et al. 2018 intelligence GWAS (full summary statistics)
iq	rs28472312	16	28826049	C	T	-0.026419215	3.869e-18	Savage et al. 2018 intelligence GWAS (full summary statistics)
iq	rs7359397	16	28885659	C	T	-0.028817862	1.292e-24	Savage et al. 2018 intelligence GWAS (full summary statistics)
iq	rs6565259	16	28898793	T	C	0.02474204	5.484e-18	Savage et al. 2018 intelligence GWAS (full summary statistics)
iq	rs9937676	16	28969480	G	A	-0.020748631	1.632e-13	Savage et al. 2018 intelligence GWAS (full summary statistics)
iq	rs11150675	16	28980531	A	G	0.021543812	6.661e-14	Savage et al. 2018 intelligence GWAS (full summary statistics)
iq	rs7195329	16	51590733	A	G	0.019056082	1.398e-09	Savage et al. 2018 intelligence GWAS (full summary statistics)
iq	rs2908792	16	53412419	C	T	-0.017284737	3.219e-10	Savage et al. 2018 intelligence GWAS (full summary statistics)
iq	rs9921587	16	53475650	G	A	-0.019009951	3.197e-12	Savage et al. 2018 intelligence GWAS (full summary statistics)
iq	rs7189819	16	53536345	T	C	0.022525598	1.749e-14	Savage et al. 2018 intelligence GWAS (full summary statistics)
iq	rs17194040	16	53550898	A	G	0.017529989	7.453e-09	Savage et al. 2018 intelligence GWAS (full summary statistics)
iq	rs12446238	16	62075138	A	G	0.016054119	4.804e-09	Savage et al. 2018 intelligence GWAS (full summary statistics)
iq	rs4788585	16	71993638	G	A	-0.018672804	3.797e-09	Savage et al. 2018 intelligence GWAS (full summary statistics)
iq	rs9906189	17	34905408	A	G	0.016793278	1.005e-09	Savage et al. 2018 intelligence GWAS (full summary statistics)
iq	rs34327767	17	34929002	A	G	0.016872992	9.735e-10	Savage et al. 2018 intelligence GWAS (full summary statistics)
iq	rs11871693	17	50558756	C	T	-0.020475927	1.169e-09	Savage et al. 2018 intelligence GWAS (full summary statistics)
iq	rs9303599	17	50577944	T	C	0.017571101	2.675e-09	Savage et al. 2018 intelligence GWAS (full summary statistics)
iq	rs2680708	17	56456120	A	G	0.017642921	4.271e-10	Savage et al. 2018 intelligence GWAS (full summary statistics)
iq	rs2302189	17	56584205	A	C	0.020220195	6.343e-13	Savage et al. 2018 intelligence GWAS (full summary statistics)
iq	rs9904879	17	56864422	A	G	0.020682499	2.84e-13	Savage et al. 2018 intelligence GWAS (full summary statistics)
iq	rs3826353	17	57075299	A	G	0.020787723	1.87e-13	Savage et al. 2018 intelligence GWAS (full summary statistics)
iq	rs4277413	18	50698926	A	G	0.017527364	1.275e-10	Savage et al. 2018 intelligence GWAS (full summary statistics)
iq	rs2000695	18	50706490	G	T	-0.020132599	1.379e-12	Savage et al. 2018 intelligence GWAS (full summary statistics)
iq	rs62097989	18	50826478	A	G	0.020893861	1.26e-13	Savage et al. 2018 intelligence GWAS (full summary statistics)
iq	rs11662271	18	50907365	T	C	0.022697739	1.724e-16	Savage et al. 2018 intelligence GWAS (full summary statistics)
iq	rs11663156	18	50911758	C	T	-0.019113239	1.25e-10	Savage et al. 2018 intelligence GWAS (full summary statistics)
iq	rs10413329	19	13114434	A	G	0.016073565	4.536e-09	Savage et al. 2018 intelligence GWAS (full summary statistics)
iq	rs740691	19	18234441	T	C	0.01653216	1.698e-09	Savage et al. 2018 intelligence GWAS (full summary statistics)
iq	rs924151	19	31872270	G	A	-0.018510189	4.66e-11	Savage et al. 2018 intelligence GWAS (full summary statistics)
iq	rs8107017	19	31931317	T	C	0.019084645	1.1e-11	Savage et al. 2018 intelligence GWAS (full summary statistics)
iq	rs3752109	19	59082605	T	C	0.018193941	1.815e-09	Savage et al. 2018 intelligence GWAS (full summary statistics)
iq	rs12052737	2	41616692	T	C	0.017526484	1.59e-09	Savage et al. 2018 intelligence GWAS (full summary statistics)
iq	rs58593843	2	60499463	G	A	-0.027682595	2.666e-09	Savage et al. 2018 intelligence GWAS (full summary statistics)
iq	rs10189857	2	60713235	A	G	0.018995451	4.907e-12	Savage et al. 2018 intelligence GWAS (full summary statistics)
iq	rs7581030	2	71572455	T	C	0.020428288	1.126e-10	Savage et al. 2018 intelligence GWAS (full summary statistics)
iq	rs6745907	2	71609073	G	A	-0.020088186	2.412e-13	Savage et al. 2018 intelligence GWAS (full summary statistics)
iq	rs6720094	2	73588076	T	C	0.016848428	8.869e-09	Savage et al. 2018 intelligence GWAS (full summary statistics)
iq	rs78633727	2	100669457	C	T	-0.0223075	3.991e-10	Savage et al. 2018 intelligence GWAS (full summary statistics)
iq	rs7583067	2	100796850	T	C	0.020624823	7.17e-11	Savage et al. 2018 intelligence GWAS (full summary statistics)
iq	rs10865035	2	100835734	G	A	-0.016522519	1.351e-09	Savage et al. 2018 intelligence GWAS (full summary statistics)
iq	rs13026143	2	100865406	T	C	0.022636455	1.525e-15	Savage et al. 2018 intelligence GWAS (full summary statistics)
iq	rs2067783	2	100877370	C	T	-0.021527704	8.589e-15	Savage et al. 2018 intelligence GWAS (full summary statistics)
iq	rs4851287	2	100915772	G	A	-0.019529192	8.744e-12	Savage et al. 2018 intelligence GWAS (full summary statistics)
iq	rs2309798	2	100956949	A	G	0.019518485	8.349e-13	Savage et al. 2018 intelligence GWAS (full summary statistics)
iq	rs13405986	2	144161734	G	A	-0.019187502	1.742e-11	Savage et al. 2018 intelligence GWAS (full summary statistics)
iq	rs35825582	2	144248762	A	G	0.01583883	8.711e-09	Savage et al. 2018 intelligence GWAS (full summary statistics)
iq	rs297591	2	157359556	A	C	0.017981939	2.113e-09	Savage et al. 2018 intelligence GWAS (full summary statistics)
iq	rs13024040	2	157540194	C	T	-0.019018331	8.562e-09	Savage et al. 2018 intelligence GWAS (full summary statistics)
iq	rs6740709	2	157548367	C	A	-0.019891285	1.069e-11	Savage et al. 2018 intelligence GWAS (full summary statistics)
iq	rs10192369	2	161380888	G	A	-0.016052586	4.906e-09	Savage et al. 2018 intelligence GWAS (full summary statistics)
iq	rs17705608	2	161991197	A	G	0.018232254	1.467e-10	Savage et al. 2018 intelligence GWAS (full summary statistics)
iq	rs7309	2	162092640	G	A	-0.019847586	5.199e-13	Savage et al. 2018 intelligence GWAS (full summary statistics)
iq	rs2268894	2	162856148	T	C	0.020784792	3.982e-14	Savage et al. 2018 intelligence GWAS (full summary statistics)
iq	rs2284871	2	162888055	T	C	0.021792328	1.432e-13	Savage et al. 2018 intelligence GWAS (full summary statistics)
iq	rs6432708	2	162891848	T	C	0.020357379	1.436e-12	Savage et al. 2018 intelligence GWAS (full summary statistics)
iq	rs2389841	2	163973532	A	G	0.018043278	4.682e-09	Savage et al. 2018 intelligence GWAS (full summary statistics)
iq	rs10930185	2	166708979	C	T	-0.017073511	2.732e-09	Savage et al. 2018 intelligence GWAS (full summary statistics)
iq	rs3749034	2	171673475	G	A	-0.019257291	6.735e-09	Savage et al. 2018 intelligence GWAS (full summary statistics)
iq	rs1401108	2	180991780	C	T	-0.0205113	4.706e-09	Savage et al. 2018 intelligence GWAS (full summary statistics)
iq	rs17765227	2	186209495	G	A	-0.018392897	9.35e-09	Savage et al. 2018 intelligence GWAS (full summary statistics)
iq	rs745086	20	47433515	G	A	-0.01586405	9.079e-09	Savage et al. 2018 intelligence GWAS (full summary statistics)
iq	rs6012541	20	47471576	G	A	-0.021609343	3.96e-13	Savage et al. 2018 intelligence GWAS (full summary statistics)
iq	rs2145839	20	47473038	G	T	-0.016831827	3.695e-09	Savage et al. 2018 intelligence GWAS (full summary statistics)
iq	rs2024594	20	47517794	G	A	-0.016968599	6.586e-10	Savage et al. 2018 intelligence GWAS (full summary statistics)
iq	rs4810890	20	47525457	G	T	-0.017961202	4.386e-11	Savage et al. 2018 intelligence GWAS (full summary statistics)
iq	rs6019535	20	47541517	A	G	0.025105448	3.284e-17	Savage et al. 2018 intelligence GWAS (full summary statistics)
iq	rs6019537	20	47543604	A	G	0.023356263	3.62e-17	Savage et al. 2018 intelligence GWAS (full summary statistics)
iq	rs1983528	20	47686290	A	G	0.022720675	4.111e-12	Savage et al. 2018 intelligence GWAS (full summary statistics)
iq	rs2075678	20	47701339	A	G	0.022301578	6.756e-16	Savage et al. 2018 intelligence GWAS (full summary statistics)
iq	rs6066975	20	47750377	C	A	-0.022638093	2.438e-16	Savage et al. 2018 intelligence GWAS (full summary statistics)
iq	rs237743	20	47903019	A	G	0.020682853	9.622e-10	Savage et al. 2018 intelligence GWAS (full summary statistics)
iq	rs2836968	21	40642386	G	A	-0.019373725	2.184e-11	Savage et al. 2018 intelligence GWAS (full summary statistics)
iq	rs4821897	22	39835587	G	A	-0.022467788	3.209e-13	Savage et al. 2018 intelligence GWAS (full summary statistics)
iq	rs3788557	22	39977211	C	T	-0.016940498	1.976e-09	Savage et al. 2018 intelligence GWAS (full summary statistics)
iq	rs41276321	22	41914434	C	A	-0.033697894	5.09e-11	Savage et al. 2018 intelligence GWAS (full summary statistics)
iq	rs4822112	22	42731540	G	T	-0.022618635	2.797e-09	Savage et al. 2018 intelligence GWAS (full summary statistics)
iq	rs6778970	3	23935839	C	T	-0.023189519	4.688e-12	Savage et al. 2018 intelligence GWAS (full summary statistics)
iq	rs2001209	3	23962646	A	G	0.023457915	4.225e-15	Savage et al. 2018 intelligence GWAS (full summary statistics)
iq	rs1567581	3	24036406	C	A	-0.022369454	3.256e-12	Savage et al. 2018 intelligence GWAS (full summary statistics)
iq	rs7431278	3	24070055	T	C	0.024364103	6.54e-17	Savage et al. 2018 intelligence GWAS (full summary statistics)
iq	rs6801153	3	24113697	C	T	-0.021872294	5.762e-12	Savage et al. 2018 intelligence GWAS (full summary statistics)
iq	rs1349265	3	24159387	G	A	-0.021499633	1.929e-13	Savage et al. 2018 intelligence GWAS (full summary statistics)
iq	rs1523048	3	35527409	T	C	0.017518939	6.458e-10	Savage et al. 2018 intelligence GWAS (full summary statistics)
iq	rs6784162	3	35701621	A	G	0.016723816	1.431e-09	Savage et al. 2018 intelligence GWAS (full summary statistics)
iq	rs3172494	3	48731487	T	G	0.02551573	4.152e-09	Savage et al. 2018 intelligence GWAS (full summary statistics)
iq	rs11713694	3	48833615	T	G	0.028920951	6.213e-11	Savage et al. 2018 intelligence GWAS (full summary statistics)
iq	rs13068038	3	49294250	A	C	0.029773928	1.142e-11	Savage et al. 2018 intelligence GWAS (full summary statistics)
iq	rs11716445	3	49406095	A	G	0.029497978	8.861e-10	Savage et al. 2018 intelligence GWAS (full summary statistics)
iq	rs6797765	3	49423976	A	G	0.017175443	5.728e-10	Savage et al. 2018 intelligence GWAS (full summary statistics)
iq	rs11715915	3	49455330	T	C	0.031869564	2.259e-27	Savage et al. 2018 intelligence GWAS (full summary statistics)
iq	rs6803222	3	49665976	G	T	-0.031025674	9.022e-26	Savage et al. 2018 intelligence GWAS (full summary statistics)
iq	rs1826347	3	49671654	A	C	0.015991217	8.188e-09	Savage et al. 2018 intelligence GWAS (full summary statistics)
iq	rs9858428	3	49877585	T	G	0.0289443	1.269e-10	Savage et al. 2018 intelligence GWAS (full summary statistics)
iq	rs2352974	3	49890613	C	T	-0.030840935	3.691e-29	Savage et al. 2018 intelligence GWAS (full summary statistics)
iq	rs3733135	3	49939587	G	A	-0.027335121	1.93e-23	Savage et al. 2018 intelligence GWAS (full summary statistics)
iq	rs2023953	3	50103917	A	G	0.026016561	6e-09	Savage et al. 2018 intelligence GWAS (full summary statistics)
iq	rs1138536	3	50153356	C	T	-0.021288394	1.194e-14	Savage et al. 2018 intelligence GWAS (full summary statistics)
iq	rs13100903	3	50174572	C	T	-0.025180154	5.096e-18	Savage et al. 2018 intelligence GWAS (full summary statistics)
iq	rs2624839	3	50202231	T	C	0.023161393	6.033e-17	Savage et al. 2018 intelligence GWAS (full summary statistics)
iq	rs2624833	3	50212512	G	T	-0.018122608	6.506e-10	Savage et al. 2018 intelligence GWAS (full summary statistics)
iq	rs1540293	3	50463935	T	C	0.027646549	2.46e-09	Savage et al. 2018 intelligence GWAS (full summary statistics)
iq	rs13094687	3	52450043	G	A	-0.017034496	4.934e-09	Savage et al. 2018 intelligence GWAS (full summary statistics)
iq	rs1010554	3	52542919	T	C	0.01844667	1.737e-11	Savage et al. 2018 intelligence GWAS (full summary statistics)
iq	rs7638808	3	52572056	G	A	-0.018020012	4.135e-11	Savage et al. 2018 intelligence GWAS (full summary statistics)
iq	rs2300149	3	52822921	T	C	0.018580281	3.247e-11	Savage et al. 2018 intelligence GWAS (full summary statistics)
iq	rs11720523	3	71545170	A	C	0.018325506	3.889e-11	Savage et al. 2018 intelligence GWAS (full summary statistics)
iq	rs830643	3	71667063	A	G	0.016291753	5.916e-09	Savage et al. 2018 intelligence GWAS (full summary statistics)
iq	rs1248853	3	85023651	G	A	-0.039522381	5.852e-09	Savage et al. 2018 intelligence GWAS (full summary statistics)
iq	rs12486810	3	85149557	C	T	-0.047538944	3.537e-10	Savage et al. 2018 intelligence GWAS (full summary statistics)
iq	rs6773806	3	85163167	T	C	0.044455487	1.13e-10	Savage et al. 2018 intelligence GWAS (full summary statistics)
iq	rs12497411	3	85386656	T	C	0.043999248	8.047e-09	Savage et al. 2018 intelligence GWAS (full summary statistics)
iq	rs7632427	3	89534377	T	C	0.016365231	4.912e-09	Savage et al. 2018 intelligence GWAS (full summary statistics)
iq	rs10511145	3	89597679	C	A	-0.016123931	9.432e-09	Savage et al. 2018 intelligence GWAS (full summary statistics)
iq	rs9868785	3	90066423	G	A	-0.016929958	6.428e-09	Savage et al. 2018 intelligence GWAS (full summary statistics)
iq	rs6789329	3	136476862	T	C	0.01726625	2.5e-09	Savage et al. 2018 intelligence GWAS (full summary statistics)
iq	rs13064915	3	137121243	T	C	0.017675788	1.276e-09	Savage et al. 2018 intelligence GWAS (full summary statistics)
iq	rs13324482	3	137198193	G	A	-0.016162874	4.491e-09	Savage et al. 2018 intelligence GWAS (full summary statistics)
iq	rs1426040	3	139697295	T	G	0.023164987	6.684e-09	Savage et al. 2018 intelligence GWAS (full summary statistics)
iq	rs9289594	3	139699811	T	C	0.019377142	2.178e-09	Savage et al. 2018 intelligence GWAS (full summary statistics)
iq	rs2295499	4	2717690	C	T	-0.016399036	2.591e-09	Savage et al. 2018 intelligence GWAS (full summary statistics)
iq	rs6449233	4	16329314	A	G	0.017909032	8.739e-09	Savage et al. 2018 intelligence GWAS (full summary statistics)
iq	rs2302210	4	17838536	G	A	-0.027175544	5.59e-13	Savage et al. 2018 intelligence GWAS (full summary statistics)
iq	rs1425663	4	67914624	A	C	0.017076039	1.237e-09	Savage et al. 2018 intelligence GWAS (full summary statistics)
iq	rs4457002	4	68019521	T	C	0.019288856	2.245e-12	Savage et al. 2018 intelligence GWAS (full summary statistics)
iq	rs13126505	4	102865304	G	A	-0.049930627	6.155e-16	Savage et al. 2018 intelligence GWAS (full summary statistics)
iq	rs13107325	4	103188709	C	T	-0.052627289	2.233e-21	Savage et al. 2018 intelligence GWAS (full summary statistics)
iq	rs7679673	4	106061534	A	C	0.017251657	3.508e-10	Savage et al. 2018 intelligence GWAS (full summary statistics)
iq	rs2189234	4	106075498	G	T	-0.025032581	7.146e-19	Savage et al. 2018 intelligence GWAS (full summary statistics)
iq	rs7678440	4	106178902	A	G	0.022807241	5.847e-17	Savage et al. 2018 intelligence GWAS (full summary statistics)
iq	rs2647256	4	106201556	T	C	0.019623084	4.429e-09	Savage et al. 2018 intelligence GWAS (full summary statistics)
iq	rs2726491	4	106212562	G	A	-0.028280111	4.168e-23	Savage et al. 2018 intelligence GWAS (full summary statistics)
iq	rs1603705	4	106219139	G	A	-0.016680706	9.069e-09	Savage et al. 2018 intelligence GWAS (full summary statistics)
iq	rs2726485	4	106263450	T	G	0.024145792	3.593e-18	Savage et al. 2018 intelligence GWAS (full summary statistics)
iq	rs9992793	4	106325900	C	T	-0.01749087	1.408e-10	Savage et al. 2018 intelligence GWAS (full summary statistics)
iq	rs2407171	4	152256782	A	G	0.015734904	9.372e-09	Savage et al. 2018 intelligence GWAS (full summary statistics)
iq	rs6825241	4	152543783	C	A	-0.017735218	1.08e-10	Savage et al. 2018 intelligence GWAS (full summary statistics)
iq	rs4696105	4	152606702	T	G	0.019602333	8.7e-13	Savage et al. 2018 intelligence GWAS (full summary statistics)
iq	rs2886223	5	62732342	G	A	-0.017010373	9.153e-09	Savage et al. 2018 intelligence GWAS (full summary statistics)
iq	rs1393964	5	62933619	C	A	-0.017664332	3.96e-09	Savage et al. 2018 intelligence GWAS (full summary statistics)
iq	rs6882046	5	87968864	G	A	-0.023108836	4.071e-14	Savage et al. 2018 intelligence GWAS (full summary statistics)
iq	rs639725	5	88001969	A	G	0.020947631	3.115e-14	Savage et al. 2018 intelligence GWAS (full summary statistics)
iq	rs34316	5	88015545	A	C	0.021049049	2.818e-14	Savage et al. 2018 intelligence GWAS (full summary statistics)
iq	rs12054920	5	88161417	T	C	0.018634158	8.976e-12	Savage et al. 2018 intelligence GWAS (full summary statistics)
iq	rs304132	5	88215594	A	G	0.01604129	9.418e-09	Savage et al. 2018 intelligence GWAS (full summary statistics)
iq	rs256515	5	89375165	T	G	0.02407101	3.283e-11	Savage et al. 2018 intelligence GWAS (full summary statistics)
iq	rs4342312	5	92477890	C	A	-0.017912292	1.937e-10	Savage et al. 2018 intelligence GWAS (full summary statistics)
iq	rs39945	5	111012138	G	T	-0.025006976	9.112e-09	Savage et al. 2018 intelligence GWAS (full summary statistics)
iq	rs1145123	5	111026598	T	C	0.020556642	1.198e-13	Savage et al. 2018 intelligence GWAS (full summary statistics)
iq	rs4463213	5	139545748	A	G	0.019065483	3.004e-12	Savage et al. 2018 intelligence GWAS (full summary statistics)
iq	rs17118739	5	139597910	C	T	-0.020023292	2.052e-09	Savage et al. 2018 intelligence GWAS (full summary statistics)
iq	rs10875633	5	139711132	G	A	-0.018306317	2.93e-11	Savage et al. 2018 intelligence GWAS (full summary statistics)
iq	rs753280	5	140024042	T	C	0.017476032	2.174e-10	Savage et al. 2018 intelligence GWAS (full summary statistics)
iq	rs2545796	5	176864269	T	C	0.018025853	4.129e-11	Savage et al. 2018 intelligence GWAS (full summary statistics)
iq	rs1328688	6	3468508	A	G	0.016541818	1.973e-09	Savage et al. 2018 intelligence GWAS (full summary statistics)
iq	rs35074878	6	11481070	A	G	0.018137667	3.067e-09	Savage et al. 2018 intelligence GWAS (full summary statistics)
iq	rs538827	6	11509323	T	C	0.017959326	5.615e-10	Savage et al. 2018 intelligence GWAS (full summary statistics)
iq	rs6456379	6	20893247	A	C	0.016342006	4.202e-09	Savage et al. 2018 intelligence GWAS (full summary statistics)
iq	rs6903716	6	21956404	A	G	0.017758047	2.387e-09	Savage et al. 2018 intelligence GWAS (full summary statistics)
iq	rs6456834	6	28700352	T	G	0.022484723	4.804e-09	Savage et al. 2018 intelligence GWAS (full summary statistics)
iq	rs3749971	6	29342775	A	G	0.029909576	3.057e-09	Savage et al. 2018 intelligence GWAS (full summary statistics)
iq	rs2844762	6	30236754	C	T	-0.017002975	8.945e-09	Savage et al. 2018 intelligence GWAS (full summary statistics)
iq	rs11153822	6	98214814	T	C	0.018707347	1.301e-11	Savage et al. 2018 intelligence GWAS (full summary statistics)
iq	rs9489926	6	98300239	C	A	-0.016330014	3.822e-09	Savage et al. 2018 intelligence GWAS (full summary statistics)
iq	rs9320747	6	98310291	G	T	-0.025329266	4.131e-20	Savage et al. 2018 intelligence GWAS (full summary statistics)
iq	rs6928545	6	98337903	A	G	0.020203194	7.529e-12	Savage et al. 2018 intelligence GWAS (full summary statistics)
iq	rs6940021	6	98379027	G	A	-0.023289949	1.468e-17	Savage et al. 2018 intelligence GWAS (full summary statistics)
iq	rs6928583	6	98398142	G	A	-0.031805774	8.479e-17	Savage et al. 2018 intelligence GWAS (full summary statistics)
iq	rs9387955	6	98419195	A	G	0.027074008	1.553e-22	Savage et al. 2018 intelligence GWAS (full summary statistics)
iq	rs1906252	6	98550289	A	C	0.031661555	7.477e-31	Savage et al. 2018 intelligence GWAS (full summary statistics)
iq	rs3823036	6	99284532	C	T	-0.018985084	9.114e-11	Savage et al. 2018 intelligence GWAS (full summary statistics)
iq	rs6568547	6	108856378	C	T	-0.020094944	2.588e-09	Savage et al. 2018 intelligence GWAS (full summary statistics)
iq	rs9384679	6	108864419	C	T	-0.026724148	7.936e-22	Savage et al. 2018 intelligence GWAS (full summary statistics)
iq	rs6927268	6	108865663	T	G	0.019108353	6.2e-09	Savage et al. 2018 intelligence GWAS (full summary statistics)
iq	rs12206094	6	108906200	C	T	-0.021028179	2.814e-12	Savage et al. 2018 intelligence GWAS (full summary statistics)
iq	rs9480866	6	108962642	C	T	-0.023583263	1.078e-10	Savage et al. 2018 intelligence GWAS (full summary statistics)
iq	rs9486916	6	109013930	C	T	-0.022395709	1.416e-11	Savage et al. 2018 intelligence GWAS (full summary statistics)
iq	rs287879	6	157143339	G	A	-0.018866645	8.469e-10	Savage et al. 2018 intelligence GWAS (full summary statistics)
iq	rs4720475	7	44769869	A	G	0.017622008	1.935e-10	Savage et al. 2018 intelligence GWAS (full summary statistics)
iq	rs3735478	7	44800176	T	G	0.020104674	4.15e-11	Savage et al. 2018 intelligence GWAS (full summary statistics)
iq	rs1050331	7	44808091	T	G	0.016425302	2.221e-09	Savage et al. 2018 intelligence GWAS (full summary statistics)
iq	rs12698810	7	69300968	C	T	-0.025726786	2.025e-09	Savage et al. 2018 intelligence GWAS (full summary statistics)
iq	rs7788868	7	69598198	G	A	-0.024779127	6.667e-09	Savage et al. 2018 intelligence GWAS (full summary statistics)
iq	rs13232100	7	69945340	A	G	0.016914423	1.098e-09	Savage et al. 2018 intelligence GWAS (full summary statistics)
iq	rs11972637	7	69976237	G	A	-0.030338154	6.346e-09	Savage et al. 2018 intelligence GWAS (full summary statistics)
iq	rs2867603	7	71598202	A	G	0.01910421	3.176e-10	Savage et al. 2018 intelligence GWAS (full summary statistics)
iq	rs11972942	7	71688190	T	C	0.016960619	6.268e-10	Savage et al. 2018 intelligence GWAS (full summary statistics)
iq	rs491413	7	71714102	T	C	0.017393808	1.516e-09	Savage et al. 2018 intelligence GWAS (full summary statistics)
iq	rs756912	7	71741797	C	T	-0.021312278	5.71e-15	Savage et al. 2018 intelligence GWAS (full summary statistics)
iq	rs2944814	7	71813660	G	A	-0.021666041	3.282e-15	Savage et al. 2018 intelligence GWAS (full summary statistics)
iq	rs4266584	7	105059606	C	A	-0.018085142	7.966e-10	Savage et al. 2018 intelligence GWAS (full summary statistics)
iq	rs4731365	7	127082497	G	A	-0.019214283	5.867e-12	Savage et al. 2018 intelligence GWAS (full summary statistics)
iq	rs6950973	7	127084594	A	C	0.019296982	6.579e-11	Savage et al. 2018 intelligence GWAS (full summary statistics)
iq	rs4141409	7	127166870	T	G	0.017032386	1.033e-09	Savage et al. 2018 intelligence GWAS (full summary statistics)
iq	rs712701	7	127251188	G	T	-0.019866964	1.328e-09	Savage et al. 2018 intelligence GWAS (full summary statistics)
iq	rs58406876	7	127353843	C	T	-0.020012359	6.138e-11	Savage et al. 2018 intelligence GWAS (full summary statistics)
iq	rs17151270	7	127400913	A	G	0.017086392	1.054e-09	Savage et al. 2018 intelligence GWAS (full summary statistics)
iq	rs6953231	7	127681555	T	C	0.020707951	1.869e-11	Savage et al. 2018 intelligence GWAS (full summary statistics)
iq	rs17151739	7	127733822	A	C	0.02116055	2.311e-12	Savage et al. 2018 intelligence GWAS (full summary statistics)
iq	rs1043595	7	128410012	A	G	0.018956739	1.269e-09	Savage et al. 2018 intelligence GWAS (full summary statistics)
iq	rs6973256	7	133055603	T	C	0.020059505	8.985e-13	Savage et al. 2018 intelligence GWAS (full summary statistics)
iq	rs11765450	7	133069682	C	T	-0.020881041	3.59e-09	Savage et al. 2018 intelligence GWAS (full summary statistics)
iq	rs1978507	7	133190684	T	C	0.020471127	2.044e-09	Savage et al. 2018 intelligence GWAS (full summary statistics)
iq	rs17658042	7	133302371	G	T	-0.020985876	1.885e-09	Savage et al. 2018 intelligence GWAS (full summary statistics)
iq	rs7800006	7	133338271	G	A	-0.016216906	4.516e-09	Savage et al. 2018 intelligence GWAS (full summary statistics)
iq	rs12539993	7	133418799	T	C	0.020775404	2.943e-14	Savage et al. 2018 intelligence GWAS (full summary statistics)
iq	rs2971963	7	133641505	A	G	0.017696589	2.013e-10	Savage et al. 2018 intelligence GWAS (full summary statistics)
iq	rs13253386	8	14002020	G	T	-0.020132853	2.372e-13	Savage et al. 2018 intelligence GWAS (full summary statistics)
iq	rs1473634	8	20915316	G	A	-0.018086856	1.252e-09	Savage et al. 2018 intelligence GWAS (full summary statistics)
iq	rs1882928	8	31023822	G	A	-0.016268485	3.183e-09	Savage et al. 2018 intelligence GWAS (full summary statistics)
iq	rs13273012	8	93092337	A	G	0.023242646	1.69e-12	Savage et al. 2018 intelligence GWAS (full summary statistics)
iq	rs6471325	8	93179976	A	G	0.019961188	4.369e-12	Savage et al. 2018 intelligence GWAS (full summary statistics)
iq	rs2958718	8	93180160	T	C	0.024586134	3.731e-14	Savage et al. 2018 intelligence GWAS (full summary statistics)
iq	rs2920939	8	93182601	A	G	0.019603267	5.69e-12	Savage et al. 2018 intelligence GWAS (full summary statistics)
iq	rs4129585	8	143312933	C	A	-0.01689096	9.334e-10	Savage et al. 2018 intelligence GWAS (full summary statistics)
iq	rs2721173	8	145744429	C	T	-0.016233097	2.887e-09	Savage et al. 2018 intelligence GWAS (full summary statistics)
iq	rs10965787	9	23345907	A	G	0.021623775	5.737e-09	Savage et al. 2018 intelligence GWAS (full summary statistics)
iq	rs7029718	9	23358495	A	G	0.02741918	1.298e-22	Savage et al. 2018 intelligence GWAS (full summary statistics)
iq	rs4291350	9	23402640	C	T	-0.020474014	1.808e-13	Savage et al. 2018 intelligence GWAS (full summary statistics)
iq	rs4977854	9	23405248	C	T	-0.017993225	2.455e-10	Savage et al. 2018 intelligence GWAS (full summary statistics)
iq	rs7038525	9	23772277	C	T	-0.021929338	2.563e-09	Savage et al. 2018 intelligence GWAS (full summary statistics)
iq	rs702223	9	23813840	C	A	-0.0195423	6.283e-12	Savage et al. 2018 intelligence GWAS (full summary statistics)
iq	rs1699462	9	23857083	T	G	0.016387815	4.544e-09	Savage et al. 2018 intelligence GWAS (full summary statistics)
iq	rs3124512	9	131903881	T	C	0.017681888	7.248e-09	Savage et al. 2018 intelligence GWAS (full summary statistics)
iq	rs4837345	9	131923949	T	C	0.017844109	3.862e-09	Savage et al. 2018 intelligence GWAS (full summary statistics)
iq	rs913264	9	131944138	T	C	0.019724543	7.085e-11	Savage et al. 2018 intelligence GWAS (full summary statistics)
